user_id,plan_type,start_date,end_date,payment_method
U0001,Premium,2023-10-16,2023-12-24,UPI
U0002,Standard,2021-03-16,2023-07-30,UPI
U0003,Standard,2022-11-23,2024-06-09,Net Banking
U0004,Standard,2023-09-11,2023-11-16,Debit Card
U0005,Standard,2023-06-27,2024-03-02,Debit Card
U0006,Basic,2022-03-12,2023-12-17,Debit Card
U0007,Premium,2020-03-24,2022-10-02,Credit Card
U0008,Basic,2022-08-28,2023-08-10,Credit Card
U0009,Premium,2022-06-24,2023-01-08,Net Banking
U0010,Premium,2021-11-06,2023-06-19,UPI
U0011,Basic,2020-07-15,2021-03-10,UPI
U0012,Basic,2020-05-16,2024-06-21,Debit Card
U0013,Premium,2021-10-18,2023-05-01,Net Banking
U0014,Premium,2021-11-13,2024-04-03,Credit Card
U0015,Basic,2023-08-12,2024-06-21,UPI
U0016,Premium,2020-01-04,2021-01-29,Net Banking
U0017,Premium,2023-05-20,2023-07-31,Credit Card
U0018,Premium,2020-01-29,2020-02-27,Debit Card
U0019,Basic,2023-10-08,2024-06-10,Net Banking
U0020,Standard,2020-07-16,2022-03-28,Debit Card
U0021,Standard,2021-06-07,2022-10-22,UPI
U0022,Premium,2021-03-10,2022-04-09,Credit Card
U0023,Basic,2021-06-20,2022-01-04,Credit Card
U0024,Premium,2023-02-08,2023-08-03,Credit Card
U0025,Standard,2023-11-22,2024-05-05,Credit Card
U0026,Basic,2021-03-07,2022-12-14,Debit Card
U0027,Premium,2022-12-01,2022-12-16,Debit Card
U0028,Basic,2022-01-22,2023-09-23,Credit Card
U0029,Premium,2022-10-30,2023-06-20,Credit Card
U0030,Standard,2022-06-02,2024-02-06,Debit Card
U0031,Premium,2022-02-15,2022-07-25,Credit Card
U0032,Standard,2023-05-31,2023-08-22,Debit Card
U0033,Basic,2023-07-12,2024-03-19,UPI
U0034,Premium,2020-05-30,2022-06-13,UPI
U0035,Standard,2020-04-26,2020-08-07,Credit Card
U0036,Premium,2023-12-20,2024-05-17,Net Banking
U0037,Basic,2021-06-18,2024-04-30,Debit Card
U0038,Premium,2022-09-27,2023-09-19,Debit Card
U0039,Basic,2020-08-27,2023-08-25,Debit Card
U0040,Standard,2020-08-10,2021-03-23,Credit Card
U0041,Standard,2023-01-26,2023-04-15,Net Banking
U0042,Premium,2021-10-08,2022-01-12,Credit Card
U0043,Basic,2020-07-23,2021-01-29,Debit Card
U0044,Premium,2020-08-15,2021-06-14,Debit Card
U0045,Standard,2020-08-31,2022-12-12,Debit Card
U0046,Premium,2023-03-20,2024-01-20,Debit Card
U0047,Standard,2022-09-18,2022-10-08,Debit Card
U0048,Premium,2021-11-26,2023-10-17,UPI
U0049,Standard,2020-04-21,2021-08-13,Net Banking
U0050,Basic,2022-12-13,2024-03-16,Debit Card
U0051,Premium,2022-10-21,2024-05-16,Credit Card
U0052,Standard,2021-04-17,2022-03-02,Credit Card
U0053,Premium,2022-06-22,2023-01-09,UPI
U0054,Premium,2023-02-22,2023-11-01,Credit Card
U0055,Basic,2023-03-17,2023-05-02,Net Banking
U0056,Basic,2023-01-15,2024-01-18,Debit Card
U0057,Standard,2022-10-07,2023-02-15,Credit Card
U0058,Basic,2023-11-26,2023-12-23,Debit Card
U0059,Premium,2020-05-01,2021-06-11,Debit Card
U0060,Premium,2023-10-01,2023-11-18,Credit Card
U0061,Basic,2022-02-23,2022-12-19,Debit Card
U0062,Premium,2021-12-17,2022-04-20,Net Banking
U0063,Premium,2022-05-22,2023-07-07,UPI
U0064,Basic,2021-09-21,2023-06-14,Credit Card
U0065,Basic,2021-07-01,2023-01-12,Net Banking
U0066,Standard,2021-09-13,2023-07-04,UPI
U0067,Basic,2022-03-02,2022-04-08,Credit Card
U0068,Premium,2020-01-13,2022-10-12,Debit Card
U0069,Basic,2020-10-21,2022-10-18,Credit Card
U0070,Standard,2021-06-11,2022-09-21,Net Banking
U0071,Basic,2023-11-06,2023-11-30,Net Banking
U0072,Premium,2021-04-15,2023-03-26,Net Banking
U0073,Basic,2023-11-27,2024-01-18,Net Banking
U0074,Basic,2022-10-13,2023-09-19,Credit Card
U0075,Premium,2022-12-03,2023-12-11,UPI
U0076,Standard,2021-11-08,2023-05-18,UPI
U0077,Premium,2021-07-17,2024-04-06,UPI
U0078,Standard,2022-01-08,2023-06-21,Credit Card
U0079,Basic,2020-05-11,2022-09-01,UPI
U0080,Basic,2021-04-17,2023-12-27,Credit Card
U0081,Standard,2022-03-10,2022-04-27,UPI
U0082,Basic,2023-05-07,2023-11-06,UPI
U0083,Standard,2021-11-17,2022-05-09,Debit Card
U0084,Standard,2022-08-27,2023-11-10,Credit Card
U0085,Standard,2022-07-02,2023-07-05,Debit Card
U0086,Basic,2021-04-20,2024-04-21,Net Banking
U0087,Standard,2020-06-07,2020-06-11,UPI
U0088,Standard,2023-05-29,2023-10-22,Debit Card
U0089,Basic,2022-06-16,2024-03-13,UPI
U0090,Premium,2022-07-04,2023-08-08,Net Banking
U0091,Basic,2021-10-31,2024-03-21,Credit Card
U0092,Basic,2023-12-12,2024-01-01,Debit Card
U0093,Standard,2022-04-01,2023-02-11,Net Banking
U0094,Premium,2021-11-08,2022-03-19,UPI
U0095,Premium,2020-09-28,2020-10-29,Credit Card
U0096,Premium,2022-02-16,2023-12-24,UPI
U0097,Standard,2020-05-24,2022-10-23,Credit Card
U0098,Standard,2023-10-30,2023-11-17,Credit Card
U0099,Standard,2020-03-31,2023-07-09,UPI
U0100,Premium,2023-02-09,2023-08-07,Debit Card
U0101,Basic,2021-03-19,2023-08-10,Net Banking
U0102,Standard,2020-07-03,2024-03-02,Debit Card
U0103,Basic,2020-10-11,2022-05-26,UPI
U0104,Basic,2021-12-14,2022-08-11,UPI
U0105,Basic,2022-11-15,2023-03-17,Credit Card
U0106,Standard,2022-11-07,2023-06-21,Net Banking
U0107,Premium,2022-04-07,2023-03-16,Net Banking
U0108,Premium,2021-11-27,2022-11-17,UPI
U0109,Basic,2023-12-07,2024-01-05,Credit Card
U0110,Standard,2020-07-11,2022-09-09,Net Banking
U0111,Premium,2021-11-03,2022-10-06,UPI
U0112,Standard,2021-02-24,2024-05-29,Debit Card
U0113,Basic,2022-08-05,2024-02-14,Debit Card
U0114,Standard,2022-06-26,2023-07-12,Credit Card
U0115,Standard,2021-08-25,2023-08-25,Debit Card
U0116,Premium,2021-12-20,2022-04-04,Net Banking
U0117,Premium,2022-05-20,2022-07-21,Debit Card
U0118,Standard,2020-09-24,2024-04-24,UPI
U0119,Basic,2022-07-31,2022-10-20,Credit Card
U0120,Premium,2021-07-06,2023-12-16,Credit Card
U0121,Basic,2023-10-20,2024-02-17,Credit Card
U0122,Basic,2022-08-18,2024-06-01,Net Banking
U0123,Standard,2023-05-11,2023-10-20,UPI
U0124,Premium,2022-02-26,2023-03-15,Net Banking
U0125,Premium,2020-11-29,2021-09-09,Debit Card
U0126,Basic,2023-06-26,2023-08-08,Credit Card
U0127,Standard,2020-05-30,2021-01-09,UPI
U0128,Standard,2021-11-03,2022-09-24,Net Banking
U0129,Standard,2021-10-05,2024-05-25,UPI
U0130,Premium,2021-10-12,2022-04-07,UPI
U0131,Premium,2022-05-28,2024-03-28,UPI
U0132,Standard,2021-06-06,2022-06-25,Net Banking
U0133,Basic,2022-06-20,2023-05-16,Net Banking
U0134,Premium,2020-09-06,2021-12-24,Debit Card
U0135,Basic,2022-03-13,2024-01-02,UPI
U0136,Premium,2022-03-02,2023-04-26,UPI
U0137,Standard,2021-04-08,2021-10-14,UPI
U0138,Basic,2021-10-20,2024-04-11,Net Banking
U0139,Standard,2022-08-03,2022-12-31,Net Banking
U0140,Basic,2023-02-02,2023-08-15,UPI
U0141,Premium,2021-10-08,2022-04-23,Debit Card
U0142,Premium,2022-06-19,2023-08-11,Debit Card
U0143,Premium,2021-03-15,2021-09-21,UPI
U0144,Premium,2020-02-06,2022-11-17,Net Banking
U0145,Basic,2022-02-07,2022-03-01,Credit Card
U0146,Premium,2020-11-01,2023-09-29,Debit Card
U0147,Standard,2023-10-30,2024-02-09,UPI
U0148,Premium,2022-07-01,2024-02-06,Net Banking
U0149,Standard,2023-03-22,2024-04-19,UPI
U0150,Standard,2023-07-20,2023-07-20,Credit Card
U0151,Standard,2020-09-13,2023-04-09,Net Banking
U0152,Standard,2020-04-22,2023-10-11,UPI
U0153,Premium,2021-09-28,2024-04-25,Debit Card
U0154,Premium,2021-11-06,2023-11-14,Net Banking
U0155,Premium,2020-07-16,2022-11-25,Debit Card
U0156,Premium,2020-07-05,2023-06-29,Net Banking
U0157,Standard,2021-01-26,2023-06-14,Debit Card
U0158,Basic,2021-03-18,2022-09-13,Net Banking
U0159,Premium,2022-09-07,2023-11-22,Debit Card
U0160,Basic,2021-12-12,2023-04-30,Net Banking
U0161,Basic,2021-02-27,2021-09-12,Debit Card
U0162,Standard,2022-10-21,2023-08-24,Debit Card
U0163,Premium,2021-08-08,2022-03-05,Debit Card
U0164,Basic,2023-07-22,2024-04-04,Net Banking
U0165,Premium,2023-02-03,2024-06-18,UPI
U0166,Basic,2020-01-14,2024-05-25,Credit Card
U0167,Premium,2020-08-29,2020-09-10,Net Banking
U0168,Standard,2022-06-21,2022-12-24,Credit Card
U0169,Basic,2020-08-14,2023-01-27,UPI
U0170,Basic,2021-07-31,2023-02-25,UPI
U0171,Basic,2020-10-18,2022-05-06,Net Banking
U0172,Basic,2022-06-12,2022-12-21,Credit Card
U0173,Basic,2021-07-07,2022-06-05,Debit Card
U0174,Premium,2023-02-23,2024-03-06,Credit Card
U0175,Basic,2020-07-06,2022-07-24,Debit Card
U0176,Basic,2021-06-21,2022-06-14,Debit Card
U0177,Standard,2020-12-15,2021-08-28,Debit Card
U0178,Basic,2023-03-19,2023-11-02,UPI
U0179,Standard,2021-06-03,2023-03-31,Net Banking
U0180,Premium,2020-03-01,2023-01-06,Credit Card
U0181,Basic,2020-04-25,2021-03-10,Net Banking
U0182,Premium,2021-06-18,2024-06-05,Net Banking
U0183,Premium,2020-11-07,2022-10-23,Credit Card
U0184,Premium,2020-09-08,2024-04-23,Credit Card
U0185,Basic,2023-10-24,2024-03-03,Net Banking
U0186,Premium,2021-09-24,2023-12-17,Debit Card
U0187,Premium,2022-09-18,2023-09-25,Debit Card
U0188,Basic,2022-04-15,2022-12-16,Net Banking
U0189,Standard,2021-02-17,2021-10-22,UPI
U0190,Basic,2022-09-03,2024-03-28,Net Banking
U0191,Premium,2022-12-26,2023-08-14,Debit Card
U0192,Premium,2021-11-08,2024-03-03,UPI
U0193,Basic,2020-08-16,2021-05-27,UPI
U0194,Basic,2021-02-21,2023-08-16,UPI
U0195,Standard,2023-10-23,2023-11-04,UPI
U0196,Standard,2022-12-30,2024-04-27,Net Banking
U0197,Basic,2021-01-01,2021-09-30,Debit Card
U0198,Standard,2023-04-22,2023-06-12,Net Banking
U0199,Standard,2020-06-23,2020-11-17,Net Banking
U0200,Basic,2021-06-21,2024-05-23,Debit Card
U0201,Premium,2020-10-03,2023-09-24,UPI
U0202,Standard,2020-02-10,2021-06-06,UPI
U0203,Basic,2020-09-11,2020-10-02,Credit Card
U0204,Basic,2020-02-13,2024-01-15,Net Banking
U0205,Basic,2023-01-29,2024-06-23,UPI
U0206,Basic,2022-11-13,2023-10-24,Credit Card
U0207,Standard,2023-02-08,2023-09-21,Net Banking
U0208,Premium,2023-03-08,2023-12-02,UPI
U0209,Basic,2020-04-17,2022-05-08,Debit Card
U0210,Premium,2021-01-26,2021-09-25,Credit Card
U0211,Premium,2023-05-19,2023-08-15,UPI
U0212,Standard,2023-12-02,2024-05-23,Debit Card
U0213,Basic,2021-06-19,2023-02-05,Credit Card
U0214,Basic,2020-02-15,2022-12-15,Credit Card
U0215,Basic,2023-01-03,2023-11-28,Credit Card
U0216,Premium,2021-11-23,2024-05-30,UPI
U0217,Premium,2022-07-10,2024-04-22,UPI
U0218,Standard,2021-01-14,2023-02-04,UPI
U0219,Premium,2021-01-24,2023-08-23,UPI
U0220,Basic,2023-02-03,2023-08-21,Net Banking
U0221,Premium,2023-06-11,2024-05-05,UPI
U0222,Basic,2021-05-10,2024-06-10,Net Banking
U0223,Standard,2022-10-20,2023-07-30,UPI
U0224,Standard,2022-07-07,2023-01-22,Net Banking
U0225,Premium,2020-02-24,2021-05-02,Net Banking
U0226,Standard,2021-05-02,2022-05-19,Credit Card
U0227,Standard,2020-11-10,2023-04-28,Net Banking
U0228,Basic,2021-12-16,2022-12-05,UPI
U0229,Standard,2021-03-06,2024-02-27,Net Banking
U0230,Standard,2022-06-25,2023-10-31,UPI
U0231,Premium,2021-02-09,2023-07-20,Credit Card
U0232,Premium,2021-08-08,2023-07-06,Debit Card
U0233,Standard,2023-07-18,2024-03-28,Debit Card
U0234,Basic,2020-07-02,2023-05-02,Credit Card
U0235,Basic,2022-10-17,2023-10-05,Net Banking
U0236,Standard,2021-12-05,2023-09-05,Debit Card
U0237,Premium,2022-05-10,2022-07-12,Credit Card
U0238,Standard,2020-12-17,2023-12-02,Net Banking
U0239,Standard,2020-03-23,2022-03-16,Credit Card
U0240,Basic,2023-09-07,2023-10-06,Debit Card
U0241,Basic,2023-04-14,2023-09-30,Net Banking
U0242,Basic,2020-03-31,2021-04-16,UPI
U0243,Standard,2021-06-08,2024-04-15,Credit Card
U0244,Premium,2022-05-21,2023-10-23,UPI
U0245,Premium,2023-01-05,2023-12-24,Net Banking
U0246,Standard,2020-10-29,2021-09-06,Debit Card
U0247,Premium,2021-07-04,2022-11-26,Net Banking
U0248,Premium,2023-05-13,2024-01-25,Debit Card
U0249,Basic,2021-08-14,2023-04-12,Net Banking
U0250,Premium,2020-11-02,2022-07-20,Net Banking
U0251,Premium,2021-07-20,2023-11-27,UPI
U0252,Basic,2023-12-13,2023-12-28,UPI
U0253,Premium,2023-06-16,2023-09-01,Debit Card
U0254,Premium,2020-02-14,2022-09-21,UPI
U0255,Premium,2022-04-01,2022-07-23,UPI
U0256,Basic,2023-11-06,2024-04-24,UPI
U0257,Standard,2023-02-06,2023-11-01,Debit Card
U0258,Basic,2022-07-13,2022-09-20,UPI
U0259,Standard,2022-02-13,2024-05-27,Credit Card
U0260,Premium,2023-03-27,2023-09-04,Debit Card
U0261,Basic,2023-08-25,2024-06-13,UPI
U0262,Premium,2020-12-23,2023-08-17,Net Banking
U0263,Premium,2020-07-18,2021-04-18,UPI
U0264,Basic,2020-10-27,2023-01-05,Net Banking
U0265,Standard,2020-09-30,2023-11-23,UPI
U0266,Standard,2021-10-31,2023-02-05,Credit Card
U0267,Premium,2022-05-10,2023-07-06,Net Banking
U0268,Basic,2023-08-12,2024-02-22,Debit Card
U0269,Standard,2021-03-22,2022-07-07,UPI
U0270,Premium,2022-12-27,2024-02-27,Net Banking
U0271,Basic,2020-01-18,2022-07-25,UPI
U0272,Basic,2022-11-13,2023-10-20,Credit Card
U0273,Premium,2020-04-11,2021-01-10,Debit Card
U0274,Basic,2021-06-02,2021-08-16,Net Banking
U0275,Standard,2020-09-18,2022-02-12,Credit Card
U0276,Standard,2021-06-29,2023-12-16,Net Banking
U0277,Standard,2020-12-26,2023-09-28,Debit Card
U0278,Standard,2022-04-02,2024-03-14,UPI
U0279,Premium,2020-11-25,2021-11-22,Net Banking
U0280,Premium,2020-12-04,2021-02-15,Credit Card
U0281,Basic,2021-08-22,2023-06-24,UPI
U0282,Basic,2020-09-11,2023-12-14,Debit Card
U0283,Standard,2020-12-17,2021-05-08,UPI
U0284,Premium,2021-04-08,2022-09-01,UPI
U0285,Basic,2020-12-03,2021-05-20,UPI
U0286,Basic,2020-10-25,2023-04-01,Credit Card
U0287,Standard,2022-03-01,2023-09-05,Net Banking
U0288,Basic,2022-07-21,2023-12-26,Credit Card
U0289,Basic,2023-09-12,2023-10-18,Net Banking
U0290,Standard,2023-10-01,2024-04-04,UPI
U0291,Standard,2021-09-04,2023-11-17,Debit Card
U0292,Basic,2021-04-21,2021-09-16,UPI
U0293,Standard,2022-02-24,2023-11-02,UPI
U0294,Basic,2021-06-05,2023-10-27,UPI
U0295,Basic,2023-11-08,2023-12-27,UPI
U0296,Basic,2023-03-30,2023-09-30,Net Banking
U0297,Premium,2023-11-22,2024-01-28,UPI
U0298,Premium,2021-03-15,2024-03-24,Net Banking
U0299,Standard,2021-04-29,2022-06-01,Debit Card
U0300,Basic,2023-03-18,2023-04-20,Credit Card
U0301,Premium,2023-11-04,2024-05-11,UPI
U0302,Standard,2020-12-20,2021-12-12,Debit Card
U0303,Premium,2023-09-24,2024-04-24,Debit Card
U0304,Standard,2023-05-28,2023-08-20,UPI
U0305,Standard,2023-06-04,2024-01-07,UPI
U0306,Premium,2023-04-13,2024-05-31,UPI
U0307,Basic,2020-01-02,2023-02-17,Debit Card
U0308,Premium,2021-09-19,2023-09-07,Net Banking
U0309,Standard,2022-02-12,2023-02-22,UPI
U0310,Premium,2023-04-09,2023-09-13,Net Banking
U0311,Basic,2023-12-28,2024-04-10,Debit Card
U0312,Basic,2021-04-28,2022-10-08,Net Banking
U0313,Basic,2023-06-10,2023-07-30,Debit Card
U0314,Basic,2021-06-21,2023-05-28,Debit Card
U0315,Premium,2021-06-16,2023-02-14,Debit Card
U0316,Standard,2021-01-12,2023-12-14,Net Banking
U0317,Standard,2021-09-21,2021-10-04,Credit Card
U0318,Standard,2020-04-06,2021-06-09,UPI
U0319,Standard,2020-12-05,2021-08-21,UPI
U0320,Standard,2022-11-16,2023-10-27,UPI
U0321,Basic,2021-08-20,2022-03-22,Debit Card
U0322,Premium,2020-10-18,2023-06-27,Debit Card
U0323,Premium,2021-06-11,2021-09-14,Credit Card
U0324,Premium,2023-07-28,2023-11-20,UPI
U0325,Basic,2020-04-16,2020-05-26,UPI
U0326,Basic,2020-07-30,2021-08-01,UPI
U0327,Basic,2022-03-08,2023-10-29,Net Banking
U0328,Standard,2020-05-15,2021-03-09,Debit Card
U0329,Standard,2021-02-12,2022-07-31,Credit Card
U0330,Basic,2021-11-02,2023-01-25,Debit Card
U0331,Basic,2023-07-15,2024-01-11,Debit Card
U0332,Basic,2022-04-21,2022-04-21,Credit Card
U0333,Basic,2020-10-21,2022-09-02,Net Banking
U0334,Standard,2023-05-30,2023-10-20,Net Banking
U0335,Basic,2020-10-30,2022-01-05,Credit Card
U0336,Standard,2023-07-01,2024-03-25,Net Banking
U0337,Premium,2023-03-01,2023-07-02,Debit Card
U0338,Basic,2022-08-15,2023-08-20,UPI
U0339,Premium,2023-10-11,2024-05-19,Credit Card
U0340,Basic,2023-10-22,2023-12-03,UPI
U0341,Premium,2020-05-04,2024-02-01,UPI
U0342,Standard,2022-01-03,2022-08-23,Net Banking
U0343,Premium,2022-12-11,2024-01-11,UPI
U0344,Premium,2020-04-27,2021-02-19,Net Banking
U0345,Basic,2020-08-14,2022-02-14,Debit Card
U0346,Basic,2023-03-06,2023-12-17,UPI
U0347,Premium,2021-08-10,2022-06-04,Credit Card
U0348,Premium,2021-05-31,2022-07-19,Debit Card
U0349,Standard,2020-03-30,2024-03-12,Net Banking
U0350,Premium,2023-09-06,2024-05-01,Debit Card
U0351,Premium,2021-03-03,2023-05-02,UPI
U0352,Premium,2023-04-20,2024-02-29,Debit Card
U0353,Premium,2020-06-15,2023-04-01,Net Banking
U0354,Standard,2023-08-09,2023-11-03,Debit Card
U0355,Standard,2021-03-31,2023-09-02,Credit Card
U0356,Basic,2023-01-06,2024-02-25,Debit Card
U0357,Premium,2020-05-01,2020-09-13,UPI
U0358,Standard,2022-06-06,2023-06-28,Credit Card
U0359,Basic,2020-06-03,2021-06-22,Net Banking
U0360,Standard,2022-11-21,2023-05-22,UPI
U0361,Standard,2022-04-12,2023-10-07,Debit Card
U0362,Standard,2023-04-06,2023-07-03,Net Banking
U0363,Basic,2020-03-17,2023-08-30,Credit Card
U0364,Basic,2023-08-14,2023-10-29,UPI
U0365,Basic,2022-12-12,2023-03-22,UPI
U0366,Basic,2021-08-05,2022-05-03,Credit Card
U0367,Premium,2023-09-06,2024-05-09,Net Banking
U0368,Basic,2022-01-11,2022-12-28,Credit Card
U0369,Basic,2021-05-26,2023-02-07,Net Banking
U0370,Standard,2023-01-13,2024-03-31,Debit Card
U0371,Basic,2023-06-22,2023-11-16,Credit Card
U0372,Premium,2020-05-02,2020-09-13,Debit Card
U0373,Premium,2023-07-30,2024-01-10,UPI
U0374,Standard,2023-10-02,2023-11-15,Net Banking
U0375,Standard,2021-08-01,2023-04-28,Net Banking
U0376,Premium,2022-02-12,2022-10-10,Credit Card
U0377,Basic,2023-12-09,2024-05-20,Debit Card
U0378,Premium,2021-09-16,2023-10-21,Debit Card
U0379,Standard,2022-10-17,2023-01-13,UPI
U0380,Premium,2020-01-12,2020-04-30,Net Banking
U0381,Basic,2021-06-09,2023-07-02,Debit Card
U0382,Premium,2022-01-16,2022-05-06,Credit Card
U0383,Standard,2021-03-07,2022-12-17,Debit Card
U0384,Basic,2020-10-05,2021-06-07,Net Banking
U0385,Basic,2022-08-27,2023-01-30,Credit Card
U0386,Standard,2023-05-08,2023-07-16,Credit Card
U0387,Basic,2020-03-15,2022-08-06,Net Banking
U0388,Standard,2020-04-10,2022-10-27,UPI
U0389,Standard,2023-01-04,2023-02-10,Credit Card
U0390,Standard,2022-06-30,2023-10-02,UPI
U0391,Standard,2020-04-06,2024-03-22,Credit Card
U0392,Standard,2021-03-27,2021-12-14,Net Banking
U0393,Basic,2023-11-22,2024-03-27,Net Banking
U0394,Premium,2020-08-29,2023-07-12,Credit Card
U0395,Standard,2021-02-15,2022-01-12,Net Banking
U0396,Premium,2022-03-08,2023-04-29,Net Banking
U0397,Premium,2022-09-05,2024-02-15,UPI
U0398,Standard,2022-08-10,2024-01-23,UPI
U0399,Premium,2021-08-10,2022-10-15,Credit Card
U0400,Premium,2021-01-19,2023-10-01,Net Banking
U0401,Standard,2022-07-21,2024-06-12,Credit Card
U0402,Basic,2020-04-06,2024-05-05,Net Banking
U0403,Standard,2022-11-07,2022-11-09,UPI
U0404,Standard,2023-06-04,2023-09-03,Debit Card
U0405,Basic,2023-09-27,2023-12-01,Debit Card
U0406,Standard,2023-09-23,2024-02-29,Debit Card
U0407,Premium,2021-12-20,2024-01-04,UPI
U0408,Premium,2021-12-14,2023-03-25,Credit Card
U0409,Premium,2021-11-28,2023-09-28,Debit Card
U0410,Premium,2023-12-05,2024-06-04,Credit Card
U0411,Premium,2023-07-27,2024-01-19,Net Banking
U0412,Standard,2023-05-20,2024-01-23,Credit Card
U0413,Standard,2020-05-29,2021-10-18,Credit Card
U0414,Basic,2022-05-26,2024-03-17,Credit Card
U0415,Standard,2021-03-09,2021-07-06,UPI
U0416,Basic,2023-09-19,2023-09-22,Net Banking
U0417,Basic,2021-07-24,2023-06-13,Net Banking
U0418,Basic,2023-06-10,2023-08-12,Net Banking
U0419,Premium,2023-01-28,2024-03-14,UPI
U0420,Premium,2022-04-29,2022-10-17,Net Banking
U0421,Premium,2021-10-16,2023-05-23,UPI
U0422,Premium,2020-08-28,2021-02-07,UPI
U0423,Basic,2020-10-15,2023-09-09,Credit Card
U0424,Basic,2021-11-07,2023-12-19,UPI
U0425,Standard,2020-03-01,2024-01-16,UPI
U0426,Premium,2022-01-25,2022-12-04,Net Banking
U0427,Standard,2023-12-18,2024-01-30,UPI
U0428,Premium,2021-04-13,2022-04-07,Credit Card
U0429,Basic,2020-11-27,2021-09-03,Net Banking
U0430,Basic,2022-03-07,2024-01-10,UPI
U0431,Premium,2023-09-09,2024-04-27,UPI
U0432,Basic,2020-02-08,2022-01-15,Net Banking
U0433,Basic,2021-09-05,2021-10-11,Debit Card
U0434,Basic,2021-02-25,2023-05-10,Debit Card
U0435,Basic,2021-11-15,2024-01-24,Debit Card
U0436,Premium,2023-05-31,2023-12-13,Credit Card
U0437,Premium,2023-05-18,2023-07-13,UPI
U0438,Basic,2020-05-23,2020-10-24,UPI
U0439,Standard,2023-05-20,2023-05-29,Net Banking
U0440,Standard,2021-07-07,2024-05-11,Net Banking
U0441,Standard,2020-01-27,2020-09-20,UPI
U0442,Premium,2022-01-08,2023-07-06,Credit Card
U0443,Premium,2020-10-08,2021-09-07,Credit Card
U0444,Basic,2023-02-10,2023-06-20,Net Banking
U0445,Basic,2022-03-31,2024-01-24,Debit Card
U0446,Premium,2021-12-28,2022-12-01,UPI
U0447,Basic,2021-03-09,2022-02-11,Credit Card
U0448,Standard,2022-06-23,2022-10-24,Net Banking
U0449,Basic,2022-11-19,2023-01-17,Credit Card
U0450,Basic,2021-08-30,2023-06-24,Net Banking
U0451,Basic,2020-07-12,2022-03-23,Credit Card
U0452,Premium,2020-12-03,2022-08-30,UPI
U0453,Premium,2023-05-25,2023-11-04,UPI
U0454,Premium,2021-08-06,2022-04-20,Credit Card
U0455,Basic,2020-02-23,2024-02-25,UPI
U0456,Standard,2021-09-20,2024-01-13,Net Banking
U0457,Basic,2023-06-05,2023-10-13,UPI
U0458,Premium,2022-03-10,2022-05-23,Net Banking
U0459,Standard,2022-09-01,2023-12-16,Net Banking
U0460,Premium,2022-09-03,2023-11-05,Debit Card
U0461,Basic,2020-08-02,2021-06-18,Credit Card
U0462,Basic,2023-02-04,2024-05-08,UPI
U0463,Basic,2021-09-02,2023-06-26,Credit Card
U0464,Premium,2020-10-16,2023-06-25,Debit Card
U0465,Premium,2022-04-14,2023-05-29,Credit Card
U0466,Premium,2021-05-27,2022-02-09,Debit Card
U0467,Standard,2020-06-13,2021-05-05,Debit Card
U0468,Standard,2023-04-03,2023-07-02,Credit Card
U0469,Standard,2023-09-17,2024-01-21,UPI
U0470,Basic,2023-05-19,2023-06-24,Net Banking
U0471,Basic,2020-12-31,2023-05-14,UPI
U0472,Premium,2020-01-20,2022-08-01,Credit Card
U0473,Premium,2023-12-17,2024-03-03,Debit Card
U0474,Standard,2023-06-06,2024-01-25,UPI
U0475,Premium,2021-01-20,2022-08-02,UPI
U0476,Premium,2020-10-24,2021-03-29,Credit Card
U0477,Standard,2021-03-31,2024-03-23,Net Banking
U0478,Basic,2020-09-15,2023-03-10,Debit Card
U0479,Standard,2022-08-31,2023-03-14,Net Banking
U0480,Premium,2021-10-23,2022-04-16,Debit Card
U0481,Premium,2020-09-06,2023-11-08,UPI
U0482,Premium,2021-10-21,2022-12-25,UPI
U0483,Standard,2022-09-24,2022-11-17,Net Banking
U0484,Standard,2021-07-11,2022-11-16,UPI
U0485,Basic,2021-12-08,2023-07-18,Debit Card
U0486,Premium,2023-06-17,2024-02-02,UPI
U0487,Basic,2021-05-16,2023-03-04,Credit Card
U0488,Standard,2020-08-14,2022-12-27,Net Banking
U0489,Premium,2021-08-27,2021-12-15,Net Banking
U0490,Standard,2022-07-10,2023-11-20,Credit Card
U0491,Basic,2022-10-11,2022-10-21,Credit Card
U0492,Basic,2020-07-02,2022-01-13,Credit Card
U0493,Premium,2021-06-30,2022-11-02,Net Banking
U0494,Premium,2023-07-18,2023-10-02,Net Banking
U0495,Basic,2022-12-24,2023-07-26,Debit Card
U0496,Premium,2023-06-30,2023-11-17,Credit Card
U0497,Standard,2020-05-14,2023-07-12,UPI
U0498,Premium,2023-04-07,2024-05-27,Credit Card
U0499,Basic,2020-07-24,2022-07-23,UPI
U0500,Basic,2022-12-21,2023-02-11,Net Banking
U0501,Standard,2020-06-04,2024-02-21,Debit Card
U0502,Basic,2020-11-16,2022-07-16,Debit Card
U0503,Standard,2023-02-27,2024-06-05,Credit Card
U0504,Basic,2022-01-31,2022-04-30,Credit Card
U0505,Premium,2022-05-26,2023-05-15,Net Banking
U0506,Basic,2020-07-22,2020-08-19,Net Banking
U0507,Premium,2022-11-12,2023-06-14,Net Banking
U0508,Premium,2020-07-03,2023-08-11,Net Banking
U0509,Premium,2021-10-29,2022-02-10,Net Banking
U0510,Basic,2020-12-15,2021-12-14,Credit Card
U0511,Premium,2023-07-31,2023-11-09,Credit Card
U0512,Basic,2023-12-26,2024-04-09,Net Banking
U0513,Basic,2021-05-14,2021-06-19,Net Banking
U0514,Premium,2021-08-20,2023-05-23,Debit Card
U0515,Basic,2020-10-09,2023-10-24,Credit Card
U0516,Standard,2022-10-12,2024-06-01,Credit Card
U0517,Standard,2022-05-31,2023-09-01,UPI
U0518,Standard,2022-10-05,2022-11-11,Debit Card
U0519,Standard,2022-11-05,2023-08-16,Net Banking
U0520,Basic,2020-03-14,2021-08-22,Debit Card
U0521,Standard,2020-09-08,2024-02-11,Net Banking
U0522,Basic,2021-07-17,2022-07-30,Credit Card
U0523,Standard,2022-04-24,2022-05-31,Credit Card
U0524,Basic,2022-08-31,2024-02-18,Debit Card
U0525,Standard,2021-01-05,2023-07-28,Net Banking
U0526,Basic,2022-07-21,2023-08-09,Debit Card
U0527,Premium,2020-02-03,2024-03-12,Credit Card
U0528,Basic,2023-04-24,2023-09-29,UPI
U0529,Basic,2021-12-05,2024-05-21,Credit Card
U0530,Premium,2020-02-06,2022-05-17,Debit Card
U0531,Standard,2022-01-14,2024-05-05,Debit Card
U0532,Basic,2022-05-07,2023-03-09,Credit Card
U0533,Premium,2023-06-07,2023-07-18,Credit Card
U0534,Basic,2023-12-11,2024-03-04,UPI
U0535,Premium,2022-10-10,2024-02-01,Debit Card
U0536,Basic,2022-12-26,2024-05-09,Net Banking
U0537,Premium,2021-06-10,2022-03-15,Net Banking
U0538,Premium,2022-12-04,2023-03-12,Credit Card
U0539,Standard,2020-07-31,2023-11-02,UPI
U0540,Premium,2021-09-20,2022-09-07,Net Banking
U0541,Basic,2023-04-02,2024-05-28,Credit Card
U0542,Premium,2020-10-09,2022-05-10,Net Banking
U0543,Standard,2023-06-07,2024-05-31,UPI
U0544,Standard,2022-02-21,2023-07-17,Net Banking
U0545,Premium,2023-06-27,2023-12-25,Debit Card
U0546,Standard,2021-12-19,2022-09-27,Debit Card
U0547,Premium,2022-10-05,2023-10-02,Debit Card
U0548,Standard,2021-04-28,2022-05-06,Net Banking
U0549,Standard,2021-12-24,2023-07-19,UPI
U0550,Premium,2023-10-17,2024-05-18,UPI
U0551,Premium,2023-05-15,2023-08-13,UPI
U0552,Standard,2022-09-11,2022-09-13,UPI
U0553,Premium,2022-05-04,2023-04-19,Credit Card
U0554,Basic,2020-04-14,2022-01-25,UPI
U0555,Standard,2022-07-08,2024-04-22,Net Banking
U0556,Basic,2023-02-21,2024-01-01,Credit Card
U0557,Standard,2023-12-25,2023-12-26,UPI
U0558,Basic,2021-10-01,2024-04-26,Debit Card
U0559,Premium,2020-06-28,2024-01-22,Credit Card
U0560,Standard,2023-03-23,2023-05-25,Credit Card
U0561,Basic,2022-01-31,2023-04-19,Credit Card
U0562,Basic,2022-12-01,2022-12-21,UPI
U0563,Standard,2020-07-26,2024-03-30,Debit Card
U0564,Standard,2023-01-23,2024-06-04,Credit Card
U0565,Basic,2021-06-29,2024-01-12,Net Banking
U0566,Premium,2021-06-09,2022-09-08,Credit Card
U0567,Premium,2022-10-31,2024-03-23,Credit Card
U0568,Premium,2021-08-20,2023-04-05,Debit Card
U0569,Premium,2021-06-02,2021-08-08,Debit Card
U0570,Premium,2020-06-07,2021-07-27,Debit Card
U0571,Standard,2023-04-25,2023-08-13,Debit Card
U0572,Standard,2021-05-28,2022-01-07,UPI
U0573,Basic,2020-11-24,2023-02-15,Debit Card
U0574,Basic,2023-03-31,2023-12-30,Net Banking
U0575,Premium,2022-07-06,2022-08-10,Credit Card
U0576,Basic,2023-01-19,2023-07-25,UPI
U0577,Standard,2020-01-13,2022-03-20,UPI
U0578,Basic,2023-04-14,2024-05-04,Credit Card
U0579,Standard,2021-05-31,2022-05-30,Debit Card
U0580,Premium,2021-02-28,2021-05-18,Net Banking
U0581,Basic,2021-10-10,2024-06-06,Net Banking
U0582,Basic,2020-02-10,2023-01-27,Net Banking
U0583,Basic,2023-05-16,2023-06-11,Debit Card
U0584,Basic,2023-05-13,2024-03-23,UPI
U0585,Premium,2023-07-07,2023-12-02,Credit Card
U0586,Standard,2022-05-05,2024-02-21,Debit Card
U0587,Premium,2020-07-15,2023-05-20,Debit Card
U0588,Premium,2020-08-17,2022-08-28,Net Banking
U0589,Standard,2022-10-21,2023-02-04,Credit Card
U0590,Premium,2020-04-05,2023-07-17,UPI
U0591,Premium,2023-12-03,2024-02-01,Credit Card
U0592,Premium,2020-03-31,2021-01-04,UPI
U0593,Standard,2020-05-26,2023-09-09,Net Banking
U0594,Basic,2023-03-27,2024-02-01,Net Banking
U0595,Standard,2021-01-13,2024-06-21,Credit Card
U0596,Basic,2020-11-10,2022-04-07,UPI
U0597,Basic,2021-08-19,2023-03-09,UPI
U0598,Premium,2023-08-01,2024-06-05,Net Banking
U0599,Basic,2022-05-19,2024-05-25,Net Banking
U0600,Basic,2020-03-15,2022-03-22,UPI
U0601,Basic,2021-10-17,2023-09-27,Debit Card
U0602,Premium,2020-01-28,2024-02-28,Net Banking
U0603,Standard,2020-04-30,2021-06-23,Credit Card
U0604,Standard,2021-11-30,2022-08-26,Net Banking
U0605,Standard,2021-01-22,2023-02-05,Debit Card
U0606,Standard,2023-03-22,2023-04-20,Debit Card
U0607,Standard,2020-02-05,2021-01-20,Net Banking
U0608,Basic,2020-08-28,2023-07-05,Credit Card
U0609,Standard,2021-09-01,2024-01-03,Credit Card
U0610,Basic,2020-02-11,2020-11-24,UPI
U0611,Premium,2020-08-31,2023-10-07,Debit Card
U0612,Standard,2022-05-29,2022-07-31,Net Banking
U0613,Premium,2020-12-04,2021-06-26,Net Banking
U0614,Basic,2020-05-02,2021-02-05,UPI
U0615,Standard,2020-02-14,2022-03-08,Net Banking
U0616,Premium,2023-02-10,2023-12-09,UPI
U0617,Basic,2023-10-16,2024-03-29,UPI
U0618,Premium,2021-03-13,2023-11-02,UPI
U0619,Basic,2023-08-10,2024-05-19,Debit Card
U0620,Basic,2023-08-05,2024-02-13,Net Banking
U0621,Basic,2023-11-22,2024-01-17,Debit Card
U0622,Basic,2022-03-13,2024-03-26,Credit Card
U0623,Premium,2022-07-11,2023-10-21,Credit Card
U0624,Basic,2022-02-23,2024-03-26,UPI
U0625,Premium,2023-01-13,2023-02-12,Debit Card
U0626,Premium,2022-10-28,2023-06-18,Net Banking
U0627,Basic,2023-05-23,2023-08-29,Net Banking
U0628,Standard,2023-08-05,2023-11-30,Credit Card
U0629,Basic,2021-10-02,2022-12-21,Credit Card
U0630,Standard,2023-02-06,2023-06-08,UPI
U0631,Premium,2022-04-22,2024-01-25,Net Banking
U0632,Standard,2023-05-01,2023-07-19,Credit Card
U0633,Premium,2020-05-28,2021-03-05,Debit Card
U0634,Standard,2022-05-27,2022-09-08,Debit Card
U0635,Premium,2021-03-27,2021-09-28,UPI
U0636,Standard,2023-11-30,2023-12-25,Debit Card
U0637,Premium,2023-12-08,2024-02-04,Debit Card
U0638,Standard,2023-10-03,2024-05-29,Credit Card
U0639,Standard,2022-08-04,2024-02-14,Debit Card
U0640,Premium,2022-03-04,2024-04-19,Net Banking
U0641,Premium,2020-09-26,2022-04-18,Net Banking
U0642,Premium,2022-06-23,2023-02-14,Credit Card
U0643,Premium,2021-01-13,2023-07-17,Debit Card
U0644,Standard,2023-04-04,2023-06-07,Debit Card
U0645,Standard,2023-12-17,2024-03-11,UPI
U0646,Basic,2020-03-23,2022-02-14,Debit Card
U0647,Premium,2021-06-02,2023-03-01,Debit Card
U0648,Premium,2023-08-03,2024-01-11,Net Banking
U0649,Basic,2023-03-29,2024-03-22,Credit Card
U0650,Standard,2022-05-29,2022-10-19,UPI
U0651,Basic,2021-10-26,2023-12-04,UPI
U0652,Premium,2020-02-14,2023-01-05,Debit Card
U0653,Basic,2023-12-28,2024-05-24,Credit Card
U0654,Standard,2020-01-18,2023-01-25,Net Banking
U0655,Premium,2020-04-23,2023-01-20,Debit Card
U0656,Standard,2022-07-10,2023-08-17,Debit Card
U0657,Standard,2021-12-25,2023-05-24,UPI
U0658,Premium,2022-11-13,2023-03-15,Debit Card
U0659,Basic,2020-02-05,2022-03-31,Credit Card
U0660,Premium,2021-12-22,2024-04-05,Credit Card
U0661,Premium,2023-01-31,2024-01-07,UPI
U0662,Premium,2022-06-14,2023-01-25,Net Banking
U0663,Standard,2021-04-12,2021-09-25,Net Banking
U0664,Basic,2020-05-25,2023-12-16,Net Banking
U0665,Standard,2020-02-07,2020-07-09,Debit Card
U0666,Basic,2021-01-24,2023-05-26,Net Banking
U0667,Basic,2022-11-14,2023-05-31,Debit Card
U0668,Premium,2021-07-14,2023-12-15,Credit Card
U0669,Premium,2023-02-28,2023-04-28,Net Banking
U0670,Standard,2023-07-25,2023-11-18,Debit Card
U0671,Basic,2023-11-09,2024-04-13,Debit Card
U0672,Standard,2022-02-22,2023-01-17,Credit Card
U0673,Standard,2021-03-02,2023-02-04,Credit Card
U0674,Standard,2021-04-12,2022-06-04,Net Banking
U0675,Basic,2023-11-22,2023-11-27,Debit Card
U0676,Basic,2022-03-14,2023-10-12,Net Banking
U0677,Standard,2023-08-10,2023-09-01,Credit Card
U0678,Standard,2020-05-02,2021-11-10,UPI
U0679,Basic,2023-12-27,2024-02-08,Credit Card
U0680,Premium,2020-12-11,2022-07-12,Debit Card
U0681,Standard,2021-03-26,2024-01-13,Debit Card
U0682,Standard,2021-08-09,2023-07-22,Net Banking
U0683,Basic,2023-07-28,2023-12-26,UPI
U0684,Standard,2022-10-11,2023-07-28,Net Banking
U0685,Premium,2023-02-12,2023-09-25,UPI
U0686,Basic,2023-07-28,2024-01-07,Credit Card
U0687,Basic,2023-01-11,2024-04-18,UPI
U0688,Standard,2022-01-11,2022-11-24,Debit Card
U0689,Basic,2020-10-14,2023-12-25,UPI
U0690,Basic,2022-09-02,2023-08-30,Debit Card
U0691,Basic,2022-05-26,2024-04-06,Net Banking
U0692,Basic,2021-11-15,2022-01-06,Credit Card
U0693,Basic,2021-10-13,2023-11-14,Net Banking
U0694,Basic,2020-04-26,2021-07-03,UPI
U0695,Basic,2022-04-08,2022-05-31,Credit Card
U0696,Basic,2022-07-29,2023-03-12,UPI
U0697,Standard,2023-08-16,2023-10-10,UPI
U0698,Basic,2020-01-06,2023-01-20,Debit Card
U0699,Premium,2022-04-03,2023-10-11,Credit Card
U0700,Premium,2022-08-17,2023-12-02,Net Banking
U0701,Premium,2020-04-11,2024-03-27,Credit Card
U0702,Premium,2022-07-16,2024-05-09,Net Banking
U0703,Premium,2022-07-18,2024-02-18,UPI
U0704,Premium,2023-11-01,2023-11-03,UPI
U0705,Premium,2021-09-02,2022-03-24,Credit Card
U0706,Basic,2021-11-12,2022-07-10,Debit Card
U0707,Basic,2020-08-28,2021-11-23,Net Banking
U0708,Basic,2023-01-13,2023-03-16,UPI
U0709,Basic,2023-02-16,2024-02-24,Net Banking
U0710,Premium,2022-08-01,2022-10-16,Net Banking
U0711,Standard,2021-08-15,2022-05-01,Net Banking
U0712,Premium,2022-12-01,2023-03-26,UPI
U0713,Premium,2023-07-14,2023-11-07,Net Banking
U0714,Basic,2020-04-11,2024-06-16,Net Banking
U0715,Basic,2021-09-03,2023-08-31,Net Banking
U0716,Basic,2023-07-21,2024-01-11,Debit Card
U0717,Basic,2020-10-11,2023-01-02,Debit Card
U0718,Premium,2023-05-18,2023-12-05,Debit Card
U0719,Standard,2021-02-23,2022-10-26,Debit Card
U0720,Basic,2020-02-20,2021-01-12,Credit Card
U0721,Premium,2022-03-30,2024-06-13,UPI
U0722,Premium,2023-09-25,2023-11-03,Debit Card
U0723,Basic,2021-05-11,2021-05-13,Debit Card
U0724,Premium,2020-03-15,2022-10-08,Debit Card
U0725,Basic,2022-04-26,2022-08-02,Credit Card
U0726,Basic,2023-12-12,2024-04-25,Debit Card
U0727,Basic,2020-11-20,2022-06-06,UPI
U0728,Standard,2020-07-15,2023-08-23,Net Banking
U0729,Premium,2023-02-25,2023-05-22,Credit Card
U0730,Premium,2022-03-29,2023-01-29,Net Banking
U0731,Premium,2023-03-18,2024-06-17,Debit Card
U0732,Premium,2020-03-07,2022-07-12,Net Banking
U0733,Premium,2020-06-29,2022-07-18,Net Banking
U0734,Basic,2023-11-03,2023-11-23,Credit Card
U0735,Standard,2020-01-30,2020-03-20,Net Banking
U0736,Standard,2020-02-16,2022-06-27,Net Banking
U0737,Premium,2020-09-23,2020-10-28,Net Banking
U0738,Premium,2020-10-10,2022-07-11,Net Banking
U0739,Premium,2021-10-10,2024-06-29,UPI
U0740,Basic,2022-04-28,2022-08-26,Net Banking
U0741,Premium,2023-05-17,2024-04-23,Credit Card
U0742,Premium,2021-08-21,2022-06-25,Net Banking
U0743,Standard,2022-10-15,2023-10-21,Net Banking
U0744,Premium,2021-08-16,2023-08-25,Debit Card
U0745,Basic,2021-07-23,2023-06-21,Net Banking
U0746,Basic,2023-03-18,2024-04-15,UPI
U0747,Standard,2023-06-26,2024-06-09,Credit Card
U0748,Premium,2023-06-28,2024-01-11,UPI
U0749,Basic,2022-04-10,2023-09-01,Debit Card
U0750,Premium,2021-07-28,2021-10-29,Credit Card
U0751,Standard,2022-11-06,2023-09-15,UPI
U0752,Standard,2021-10-09,2024-02-23,Debit Card
U0753,Premium,2020-06-19,2023-06-18,Credit Card
U0754,Premium,2020-06-17,2021-11-08,Credit Card
U0755,Premium,2022-09-25,2023-07-16,Net Banking
U0756,Premium,2022-06-15,2023-03-19,UPI
U0757,Basic,2023-09-21,2024-01-03,Credit Card
U0758,Basic,2022-05-23,2022-07-29,Debit Card
U0759,Premium,2020-02-04,2021-12-06,Credit Card
U0760,Premium,2020-01-05,2021-07-30,Net Banking
U0761,Premium,2020-02-12,2021-06-25,Credit Card
U0762,Premium,2023-11-21,2024-05-29,UPI
U0763,Standard,2021-01-18,2024-01-11,UPI
U0764,Basic,2023-09-23,2024-02-22,Credit Card
U0765,Standard,2022-07-30,2023-07-23,UPI
U0766,Basic,2021-06-03,2021-10-15,Credit Card
U0767,Basic,2021-03-23,2023-12-24,Net Banking
U0768,Premium,2023-07-30,2023-10-14,Credit Card
U0769,Standard,2021-04-09,2023-06-13,Net Banking
U0770,Premium,2021-05-05,2023-12-22,Debit Card
U0771,Premium,2020-09-28,2023-06-06,UPI
U0772,Basic,2020-10-17,2023-08-11,Credit Card
U0773,Basic,2022-03-18,2022-11-29,Credit Card
U0774,Basic,2023-07-24,2023-09-29,Debit Card
U0775,Standard,2022-08-30,2022-09-24,Net Banking
U0776,Standard,2020-10-02,2023-01-09,Credit Card
U0777,Basic,2020-05-12,2022-04-21,UPI
U0778,Standard,2021-11-07,2023-01-07,Net Banking
U0779,Basic,2023-04-08,2023-08-29,Net Banking
U0780,Basic,2023-12-14,2024-04-22,Debit Card
U0781,Basic,2020-06-06,2023-01-17,UPI
U0782,Standard,2023-09-03,2024-05-13,Debit Card
U0783,Premium,2023-07-17,2024-06-30,Debit Card
U0784,Premium,2021-10-14,2021-11-12,Credit Card
U0785,Basic,2023-12-17,2024-04-24,UPI
U0786,Standard,2023-02-12,2024-03-30,Debit Card
U0787,Premium,2022-06-29,2023-07-10,Net Banking
U0788,Premium,2023-05-11,2024-03-28,Net Banking
U0789,Basic,2020-05-11,2021-07-03,UPI
U0790,Basic,2023-12-07,2023-12-23,UPI
U0791,Standard,2023-09-01,2024-01-01,Net Banking
U0792,Basic,2023-02-14,2023-10-16,Net Banking
U0793,Basic,2021-02-19,2023-07-11,Net Banking
U0794,Premium,2020-06-25,2023-07-23,Debit Card
U0795,Standard,2021-05-14,2021-08-25,Credit Card
U0796,Premium,2023-04-07,2024-06-22,Net Banking
U0797,Basic,2023-11-05,2024-02-06,Net Banking
U0798,Standard,2021-10-15,2023-07-10,Net Banking
U0799,Basic,2022-05-31,2023-11-30,Debit Card
U0800,Basic,2022-06-04,2023-01-10,Credit Card
U0801,Basic,2020-10-31,2022-06-23,Debit Card
U0802,Basic,2021-09-21,2024-01-20,Net Banking
U0803,Premium,2021-11-05,2024-03-27,Debit Card
U0804,Premium,2020-03-27,2020-04-16,Net Banking
U0805,Basic,2020-01-02,2023-02-10,UPI
U0806,Basic,2022-01-21,2023-02-19,Net Banking
U0807,Standard,2022-08-11,2022-12-10,Credit Card
U0808,Basic,2021-07-16,2022-09-10,UPI
U0809,Basic,2021-01-22,2023-02-25,Credit Card
U0810,Basic,2020-09-02,2021-12-30,Net Banking
U0811,Standard,2021-06-29,2024-02-27,Net Banking
U0812,Premium,2020-08-12,2023-05-21,Credit Card
U0813,Premium,2023-06-10,2024-02-02,Credit Card
U0814,Basic,2022-09-12,2023-08-10,Debit Card
U0815,Standard,2023-10-28,2023-11-16,UPI
U0816,Standard,2021-04-20,2021-12-08,Net Banking
U0817,Premium,2021-03-17,2023-08-16,Credit Card
U0818,Standard,2023-11-11,2024-05-18,Net Banking
U0819,Basic,2020-01-24,2022-08-26,Credit Card
U0820,Basic,2020-05-04,2020-12-30,UPI
U0821,Premium,2021-04-14,2022-10-10,Debit Card
U0822,Standard,2020-07-31,2020-12-31,UPI
U0823,Standard,2023-03-25,2023-12-11,Debit Card
U0824,Basic,2021-02-16,2021-12-05,Debit Card
U0825,Premium,2023-02-25,2024-05-22,Net Banking
U0826,Basic,2023-08-25,2024-02-20,Credit Card
U0827,Standard,2020-07-09,2021-07-16,UPI
U0828,Standard,2023-03-25,2023-09-15,Credit Card
U0829,Premium,2021-08-25,2022-08-23,UPI
U0830,Premium,2023-01-11,2024-01-11,UPI
U0831,Premium,2021-01-28,2023-01-01,UPI
U0832,Premium,2020-08-12,2023-09-14,Debit Card
U0833,Standard,2023-08-24,2023-09-25,Debit Card
U0834,Standard,2023-02-27,2023-09-13,Net Banking
U0835,Standard,2021-12-19,2024-03-03,Debit Card
U0836,Standard,2020-09-16,2023-12-27,UPI
U0837,Premium,2020-01-25,2022-09-11,UPI
U0838,Standard,2021-04-14,2022-04-29,Net Banking
U0839,Premium,2023-11-12,2024-06-14,UPI
U0840,Basic,2022-12-18,2024-01-10,Credit Card
U0841,Standard,2022-04-26,2023-09-08,Net Banking
U0842,Basic,2023-01-29,2023-05-26,Credit Card
U0843,Premium,2020-11-11,2024-05-31,Debit Card
U0844,Standard,2023-01-19,2024-02-23,Debit Card
U0845,Standard,2020-11-27,2023-05-03,Credit Card
U0846,Basic,2022-02-17,2022-09-19,Net Banking
U0847,Premium,2023-03-22,2023-06-25,Debit Card
U0848,Standard,2022-11-07,2023-04-24,Credit Card
U0849,Basic,2020-06-08,2022-12-16,Debit Card
U0850,Standard,2023-09-02,2024-06-21,Debit Card
U0851,Basic,2021-06-21,2022-01-19,Debit Card
U0852,Basic,2023-01-18,2023-05-06,Debit Card
U0853,Standard,2022-02-28,2022-10-30,Debit Card
U0854,Standard,2022-04-27,2023-01-23,Net Banking
U0855,Premium,2020-08-11,2022-05-29,UPI
U0856,Basic,2020-08-10,2023-10-08,UPI
U0857,Premium,2023-12-06,2024-03-28,UPI
U0858,Premium,2020-05-26,2023-12-23,Debit Card
U0859,Premium,2022-04-28,2023-04-26,Net Banking
U0860,Premium,2023-11-06,2024-05-01,Credit Card
U0861,Basic,2021-03-06,2024-05-15,Net Banking
U0862,Standard,2021-08-10,2023-08-16,UPI
U0863,Basic,2023-04-26,2024-03-04,UPI
U0864,Premium,2021-05-26,2022-01-08,Net Banking
U0865,Standard,2020-09-29,2022-11-09,Net Banking
U0866,Standard,2021-01-16,2024-03-09,Net Banking
U0867,Premium,2022-06-05,2023-06-13,UPI
U0868,Premium,2022-11-25,2023-09-15,Net Banking
U0869,Premium,2021-05-14,2021-08-24,Net Banking
U0870,Standard,2021-04-22,2023-03-16,Debit Card
U0871,Standard,2020-12-07,2023-10-24,Credit Card
U0872,Basic,2023-11-09,2023-12-21,UPI
U0873,Basic,2021-02-19,2024-06-29,UPI
U0874,Standard,2020-07-23,2020-12-10,Net Banking
U0875,Basic,2020-12-26,2023-06-11,Debit Card
U0876,Standard,2021-07-04,2024-02-04,UPI
U0877,Basic,2022-08-12,2024-04-04,UPI
U0878,Premium,2022-11-07,2023-04-08,Debit Card
U0879,Basic,2023-01-31,2023-11-25,Net Banking
U0880,Standard,2020-01-08,2023-10-15,Credit Card
U0881,Basic,2021-10-20,2021-11-07,UPI
U0882,Premium,2021-01-05,2021-07-09,Credit Card
U0883,Basic,2023-02-24,2023-04-12,Credit Card
U0884,Standard,2020-09-01,2021-01-14,UPI
U0885,Basic,2023-05-16,2024-04-12,UPI
U0886,Basic,2020-11-06,2023-03-15,Net Banking
U0887,Basic,2022-01-15,2022-09-24,UPI
U0888,Standard,2021-07-22,2022-09-11,Credit Card
U0889,Standard,2022-08-21,2022-08-24,Credit Card
U0890,Standard,2021-06-04,2021-09-02,Net Banking
U0891,Basic,2020-10-31,2021-09-09,Net Banking
U0892,Premium,2021-02-27,2022-06-23,UPI
U0893,Basic,2023-08-16,2023-10-05,Credit Card
U0894,Basic,2022-08-13,2022-10-02,Net Banking
U0895,Standard,2022-02-28,2022-12-16,UPI
U0896,Standard,2021-06-12,2022-07-13,Credit Card
U0897,Premium,2020-03-12,2020-04-04,Credit Card
U0898,Basic,2020-07-26,2022-02-11,UPI
U0899,Basic,2022-04-29,2024-05-09,Credit Card
U0900,Basic,2023-02-09,2024-04-15,Credit Card
U0901,Premium,2022-02-09,2024-04-12,Debit Card
U0902,Basic,2022-06-16,2023-06-15,Net Banking
U0903,Basic,2020-11-11,2022-03-18,Debit Card
U0904,Standard,2023-02-12,2024-03-22,Credit Card
U0905,Standard,2022-12-27,2024-03-29,Net Banking
U0906,Basic,2020-09-16,2021-01-11,Debit Card
U0907,Basic,2022-10-27,2023-05-17,Debit Card
U0908,Basic,2023-11-29,2024-05-20,Credit Card
U0909,Basic,2022-08-30,2024-05-26,Credit Card
U0910,Basic,2020-12-03,2023-05-15,UPI
U0911,Basic,2020-10-15,2022-10-19,Credit Card
U0912,Basic,2021-06-29,2023-06-11,Net Banking
U0913,Premium,2023-03-14,2023-09-20,Debit Card
U0914,Premium,2020-03-10,2020-12-09,UPI
U0915,Standard,2021-04-26,2023-10-14,Credit Card
U0916,Premium,2022-03-17,2023-01-20,Net Banking
U0917,Basic,2022-10-14,2023-12-09,UPI
U0918,Premium,2021-08-22,2023-01-30,Net Banking
U0919,Premium,2021-03-05,2023-04-07,UPI
U0920,Standard,2020-09-12,2022-06-24,Credit Card
U0921,Basic,2021-01-25,2022-10-05,Credit Card
U0922,Standard,2020-08-22,2021-06-16,Net Banking
U0923,Standard,2020-06-26,2023-07-10,UPI
U0924,Standard,2023-11-11,2024-04-30,Debit Card
U0925,Premium,2020-07-21,2022-03-01,Net Banking
U0926,Standard,2023-11-18,2023-11-28,Credit Card
U0927,Basic,2021-06-08,2022-11-20,Credit Card
U0928,Premium,2021-05-01,2021-09-07,Debit Card
U0929,Standard,2022-07-03,2023-04-02,Credit Card
U0930,Basic,2021-12-05,2024-03-29,Debit Card
U0931,Standard,2021-07-04,2023-10-05,Net Banking
U0932,Basic,2021-09-04,2021-12-15,Net Banking
U0933,Standard,2021-01-13,2023-08-12,Net Banking
U0934,Premium,2020-12-03,2021-03-08,Net Banking
U0935,Basic,2021-08-08,2023-10-20,Credit Card
U0936,Basic,2020-10-30,2022-03-11,Debit Card
U0937,Premium,2022-10-15,2023-05-02,Debit Card
U0938,Basic,2022-10-28,2023-11-14,Debit Card
U0939,Standard,2023-12-18,2024-01-05,Debit Card
U0940,Standard,2021-04-09,2023-07-18,Credit Card
U0941,Basic,2021-04-15,2023-08-28,Net Banking
U0942,Premium,2020-05-12,2022-04-09,Net Banking
U0943,Premium,2023-05-31,2024-01-03,Net Banking
U0944,Premium,2022-03-26,2022-10-19,Debit Card
U0945,Premium,2022-08-15,2022-11-03,Debit Card
U0946,Basic,2021-09-02,2023-07-07,Net Banking
U0947,Standard,2020-04-16,2024-01-16,Debit Card
U0948,Standard,2020-05-16,2023-10-16,Debit Card
U0949,Basic,2020-12-19,2023-04-20,Debit Card
U0950,Standard,2020-09-26,2023-01-14,Net Banking
U0951,Basic,2023-05-25,2023-11-15,Net Banking
U0952,Premium,2023-04-03,2023-05-10,Credit Card
U0953,Basic,2021-05-10,2023-08-07,Debit Card
U0954,Premium,2023-10-18,2024-02-10,Debit Card
U0955,Standard,2020-12-16,2021-07-04,Credit Card
U0956,Premium,2021-04-22,2023-08-14,Debit Card
U0957,Premium,2022-03-27,2023-04-02,Credit Card
U0958,Basic,2020-07-19,2023-10-18,Net Banking
U0959,Standard,2022-07-04,2022-12-12,Debit Card
U0960,Premium,2023-11-29,2024-06-12,UPI
U0961,Basic,2023-02-16,2023-07-16,Debit Card
U0962,Premium,2022-04-07,2022-10-14,Debit Card
U0963,Standard,2021-02-12,2021-10-30,Net Banking
U0964,Basic,2021-04-19,2023-09-12,Credit Card
U0965,Premium,2020-09-06,2021-03-11,Net Banking
U0966,Premium,2022-09-28,2023-10-18,Net Banking
U0967,Basic,2020-09-16,2021-10-31,Debit Card
U0968,Premium,2023-11-28,2024-05-16,Credit Card
U0969,Premium,2021-09-04,2023-06-15,UPI
U0970,Basic,2021-10-26,2023-03-17,Net Banking
U0971,Basic,2021-02-19,2023-04-24,Credit Card
U0972,Premium,2023-03-30,2023-11-07,Net Banking
U0973,Basic,2023-11-19,2024-05-28,Net Banking
U0974,Premium,2020-12-19,2022-12-25,Credit Card
U0975,Basic,2020-01-19,2023-05-30,Debit Card
U0976,Basic,2020-03-13,2024-05-16,Net Banking
U0977,Basic,2023-10-31,2024-04-05,Net Banking
U0978,Premium,2020-01-07,2024-02-10,UPI
U0979,Standard,2022-11-03,2024-02-17,Net Banking
U0980,Basic,2020-03-06,2022-11-22,UPI
U0981,Standard,2023-05-06,2024-03-22,Net Banking
U0982,Standard,2020-06-30,2024-01-10,UPI
U0983,Basic,2020-07-08,2022-01-10,Net Banking
U0984,Premium,2022-11-30,2024-01-29,Credit Card
U0985,Premium,2021-05-25,2021-11-29,Net Banking
U0986,Standard,2023-03-12,2023-09-01,Net Banking
U0987,Premium,2023-02-14,2023-12-08,UPI
U0988,Premium,2020-08-31,2021-01-28,Net Banking
U0989,Standard,2021-07-10,2021-09-11,Credit Card
U0990,Standard,2021-12-20,2023-11-04,Debit Card
U0991,Standard,2021-10-13,2023-07-29,Credit Card
U0992,Standard,2020-09-22,2024-06-14,Net Banking
U0993,Premium,2023-08-21,2023-09-28,UPI
U0994,Premium,2023-08-02,2023-09-20,UPI
U0995,Standard,2023-04-28,2023-06-05,Credit Card
U0996,Basic,2021-03-06,2024-06-14,UPI
U0997,Premium,2020-05-10,2020-11-27,UPI
U0998,Basic,2020-01-12,2020-03-10,Net Banking
U0999,Basic,2020-08-16,2023-05-28,Net Banking
U1000,Premium,2023-12-21,2024-04-05,Net Banking
