content_id,title,genre,release_year,platform,type
C0001,Husband detail court,Documentary,2015,Disney+,TV Show
C0002,Example want to size,Action,2013,Disney+,Movie
C0003,Hold everyone,Action,2023,Netflix,TV Show
C0004,Their production candidate,Thriller,2019,Netflix,TV Show
C0005,Party knowledge,Thriller,2016,Netflix,TV Show
C0006,See nearly,Action,2024,Hulu,TV Show
C0007,Often instead,Action,2012,Netflix,TV Show
C0008,Plan ahead officer,Romance,2012,Hulu,Movie
C0009,Statement,Horror,2010,Amazon Prime,Movie
C0010,Food serious show,Action,2013,Disney+,TV Show
C0011,Cup discuss teacher,Horror,2023,Netflix,Movie
C0012,Prepare building,Documentary,2015,Hulu,Movie
C0013,Lose across,Action,2010,Hulu,TV Show
C0014,Measure start,Documentary,2013,Netflix,TV Show
C0015,Specific book artist,Comedy,2010,Disney+,Movie
C0016,High,Horror,2010,Netflix,TV Show
C0017,Ready mean,Comedy,2024,Amazon Prime,Movie
C0018,Present role,Action,2011,Amazon Prime,TV Show
C0019,Lay able,Drama,2013,Netflix,Movie
C0020,Marriage professional light close,Action,2022,Netflix,TV Show
C0021,Society half,Romance,2021,Netflix,Movie
C0022,Budget difficult certainly,Comedy,2023,Hulu,Movie
C0023,Something player,Horror,2018,Netflix,Movie
C0024,Fact,Drama,2013,Disney+,Movie
C0025,As space Republican,Documentary,2016,Disney+,Movie
C0026,Office nice than,Sci-Fi,2014,Netflix,TV Show
C0027,Item source,Comedy,2018,Hulu,Movie
C0028,Water such,Documentary,2020,Netflix,Movie
C0029,Others,Documentary,2020,Disney+,Movie
C0030,Without approach yourself,Romance,2017,Disney+,Movie
C0031,Her affect body,Thriller,2018,Netflix,Movie
C0032,Point yes smile,Romance,2016,Amazon Prime,Movie
C0033,Skill talk,Action,2015,Amazon Prime,TV Show
C0034,Minute degree,Horror,2022,Netflix,Movie
C0035,Author wrong structure,Sci-Fi,2011,Disney+,Movie
C0036,Be sing piece,Horror,2011,Netflix,TV Show
C0037,More car firm,Romance,2018,Disney+,Movie
C0038,Doctor institution,Sci-Fi,2018,Netflix,Movie
C0039,Couple,Comedy,2014,Hulu,TV Show
C0040,Hair second,Documentary,2015,Disney+,Movie
C0041,Now lay seek,Romance,2019,Disney+,Movie
C0042,Day score,Sci-Fi,2014,Disney+,TV Show
C0043,Crime yet,Horror,2019,Hulu,TV Show
C0044,Sure product,Romance,2018,Amazon Prime,Movie
C0045,House purpose computer,Drama,2020,Amazon Prime,Movie
C0046,Key,Comedy,2010,Disney+,TV Show
C0047,Rich skill structure property,Romance,2014,Amazon Prime,TV Show
C0048,House color improve,Drama,2021,Netflix,TV Show
C0049,Low campaign others,Comedy,2024,Amazon Prime,Movie
C0050,Student open hope experience,Thriller,2017,Hulu,Movie
C0051,Speech go,Horror,2021,Disney+,TV Show
C0052,Cover she,Thriller,2019,Amazon Prime,TV Show
C0053,Kitchen drug,Documentary,2015,Amazon Prime,Movie
C0054,War two baby,Sci-Fi,2017,Hulu,TV Show
C0055,Word quite,Documentary,2024,Netflix,TV Show
C0056,Statement people language,Thriller,2015,Disney+,Movie
C0057,Church officer,Comedy,2022,Disney+,Movie
C0058,Opportunity also,Documentary,2013,Hulu,Movie
C0059,Building,Horror,2013,Hulu,Movie
C0060,Send memory,Horror,2024,Hulu,Movie
C0061,It majority,Drama,2021,Netflix,TV Show
C0062,Something growth television,Romance,2018,Disney+,TV Show
C0063,Wear likely,Action,2019,Disney+,Movie
C0064,Pass true,Thriller,2010,Amazon Prime,TV Show
C0065,Become shoulder,Documentary,2015,Amazon Prime,TV Show
C0066,Friend they style,Romance,2021,Netflix,TV Show
C0067,Office,Documentary,2021,Netflix,TV Show
C0068,Network moment,Sci-Fi,2018,Hulu,Movie
C0069,Black understand next,Horror,2019,Hulu,TV Show
C0070,Leg ok,Action,2013,Netflix,TV Show
C0071,Society media other,Action,2019,Netflix,TV Show
C0072,Drop ten forward hard,Drama,2014,Hulu,TV Show
C0073,Tough over,Romance,2016,Hulu,Movie
C0074,Read painting,Action,2019,Amazon Prime,TV Show
C0075,Physical carry throw,Romance,2021,Disney+,TV Show
C0076,Cut participant best,Drama,2011,Disney+,TV Show
C0077,Who serious sound herself,Sci-Fi,2010,Amazon Prime,Movie
C0078,Spend training get standard,Sci-Fi,2015,Hulu,Movie
C0079,Although,Comedy,2014,Amazon Prime,TV Show
C0080,According technology,Comedy,2018,Hulu,TV Show
C0081,Practice number,Romance,2024,Disney+,TV Show
C0082,Small,Documentary,2024,Disney+,TV Show
C0083,Measure,Sci-Fi,2015,Amazon Prime,TV Show
C0084,Common too,Action,2013,Netflix,TV Show
C0085,Hit hospital,Thriller,2019,Amazon Prime,Movie
C0086,How allow baby,Thriller,2013,Netflix,TV Show
C0087,Ever drop put,Thriller,2017,Netflix,TV Show
C0088,North during TV use,Romance,2010,Disney+,Movie
C0089,Half statement after,Sci-Fi,2022,Netflix,Movie
C0090,Prove oil among,Drama,2013,Hulu,Movie
C0091,Easy election student,Horror,2018,Netflix,TV Show
C0092,Window protect,Sci-Fi,2013,Netflix,TV Show
C0093,Catch lot now,Documentary,2017,Netflix,TV Show
C0094,Ready every not,Horror,2013,Hulu,TV Show
C0095,Move improve,Sci-Fi,2016,Netflix,Movie
C0096,House remain,Sci-Fi,2018,Disney+,TV Show
C0097,Operation majority shoulder,Romance,2016,Amazon Prime,TV Show
C0098,Buy,Horror,2010,Hulu,TV Show
C0099,Threat indicate,Documentary,2017,Netflix,Movie
C0100,New probably country between,Documentary,2020,Amazon Prime,Movie
C0101,What inside,Action,2015,Disney+,Movie
C0102,Result finish among,Romance,2022,Hulu,Movie
C0103,Behavior impact,Drama,2013,Disney+,Movie
C0104,Keep century,Horror,2023,Amazon Prime,TV Show
C0105,Challenge,Thriller,2016,Disney+,TV Show
C0106,Lead foreign south she,Sci-Fi,2012,Amazon Prime,TV Show
C0107,These involve,Action,2024,Disney+,TV Show
C0108,Southern laugh,Drama,2014,Netflix,TV Show
C0109,Exist difference,Sci-Fi,2015,Amazon Prime,Movie
C0110,Tend close appear,Romance,2017,Disney+,TV Show
C0111,Never professor discover,Comedy,2013,Netflix,Movie
C0112,Wear loss service,Horror,2018,Hulu,Movie
C0113,Per skin per,Sci-Fi,2019,Disney+,TV Show
C0114,Inside become,Romance,2018,Hulu,Movie
C0115,Skill,Thriller,2013,Netflix,Movie
C0116,Audience billion decade,Horror,2012,Amazon Prime,Movie
C0117,Add big clearly of,Horror,2012,Netflix,Movie
C0118,Measure million,Horror,2010,Disney+,TV Show
C0119,Fund simply owner right,Thriller,2012,Disney+,Movie
C0120,Partner job garden throw,Horror,2024,Amazon Prime,TV Show
C0121,Develop win,Drama,2019,Hulu,Movie
C0122,About theory,Drama,2021,Amazon Prime,TV Show
C0123,Two how less,Romance,2024,Amazon Prime,TV Show
C0124,Wind clearly sometimes,Documentary,2012,Amazon Prime,Movie
C0125,Baby very agreement claim,Thriller,2015,Amazon Prime,TV Show
C0126,School interview inside really,Documentary,2017,Hulu,TV Show
C0127,Difficult industry do walk,Romance,2022,Netflix,TV Show
C0128,Determine,Comedy,2020,Disney+,TV Show
C0129,During,Comedy,2011,Hulu,TV Show
C0130,Guy new field,Action,2014,Netflix,Movie
C0131,After perform evidence big,Comedy,2013,Hulu,TV Show
C0132,Any strong sister,Drama,2010,Disney+,TV Show
C0133,Pattern remember reality,Romance,2010,Disney+,TV Show
C0134,Southern per record main,Comedy,2022,Disney+,Movie
C0135,Support require,Thriller,2022,Disney+,TV Show
C0136,Ago,Romance,2022,Disney+,Movie
C0137,Analysis model,Drama,2022,Amazon Prime,Movie
C0138,Yeah trial instead,Romance,2023,Hulu,TV Show
C0139,Good address,Horror,2021,Disney+,Movie
C0140,Base total,Romance,2016,Amazon Prime,TV Show
C0141,Century whose likely,Comedy,2013,Hulu,TV Show
C0142,Sound matter,Comedy,2013,Hulu,TV Show
C0143,Peace most these,Sci-Fi,2016,Hulu,Movie
C0144,Resource season,Drama,2018,Netflix,Movie
C0145,Chance happen,Romance,2020,Amazon Prime,TV Show
C0146,Board choice need,Action,2020,Netflix,TV Show
C0147,Start political back,Comedy,2023,Netflix,TV Show
C0148,People modern age,Thriller,2022,Amazon Prime,TV Show
C0149,Wife spring,Horror,2011,Hulu,TV Show
C0150,Live task,Thriller,2016,Disney+,TV Show
C0151,Main,Thriller,2023,Amazon Prime,TV Show
C0152,Born white kind according,Comedy,2014,Disney+,Movie
C0153,Night center health,Sci-Fi,2020,Disney+,Movie
C0154,Can alone represent,Documentary,2020,Amazon Prime,Movie
C0155,Individual detail best,Drama,2018,Netflix,TV Show
C0156,Best them left,Thriller,2019,Disney+,Movie
C0157,Little mouth sister,Thriller,2013,Disney+,Movie
C0158,Recent,Documentary,2015,Hulu,Movie
C0159,Mr let,Sci-Fi,2021,Hulu,TV Show
C0160,Item never,Comedy,2012,Disney+,Movie
C0161,Science go face guy,Action,2019,Netflix,Movie
C0162,Skin responsibility certain,Horror,2012,Netflix,Movie
C0163,Drive win family letter,Romance,2013,Netflix,Movie
C0164,Let water north,Horror,2024,Hulu,Movie
C0165,When,Comedy,2023,Amazon Prime,Movie
C0166,Serve democratic,Action,2013,Disney+,Movie
C0167,Foot different,Drama,2010,Netflix,TV Show
C0168,Different product art,Horror,2022,Netflix,Movie
C0169,Cost,Action,2015,Hulu,TV Show
C0170,Compare fast,Horror,2019,Hulu,TV Show
C0171,Not perhaps want,Thriller,2019,Disney+,Movie
C0172,Too world,Documentary,2010,Disney+,TV Show
C0173,Guy public,Documentary,2019,Hulu,TV Show
C0174,Pattern either,Drama,2022,Disney+,Movie
C0175,Group expert,Sci-Fi,2024,Netflix,TV Show
C0176,Professional six,Drama,2017,Hulu,Movie
C0177,Baby receive at,Thriller,2024,Disney+,TV Show
C0178,Call,Drama,2020,Disney+,TV Show
C0179,Modern compare company,Comedy,2024,Hulu,TV Show
C0180,Whether involve,Comedy,2023,Disney+,TV Show
C0181,Nice go,Action,2017,Hulu,Movie
C0182,Soldier inside,Thriller,2020,Disney+,Movie
C0183,Sense half young,Thriller,2012,Hulu,Movie
C0184,Trouble current executive,Thriller,2018,Hulu,Movie
C0185,Direction four those,Drama,2023,Amazon Prime,TV Show
C0186,Arm light education,Sci-Fi,2011,Disney+,TV Show
C0187,Month write five,Thriller,2016,Disney+,TV Show
C0188,Pull office,Horror,2013,Netflix,Movie
C0189,How population lawyer,Action,2015,Hulu,Movie
C0190,Interview blue about,Thriller,2014,Hulu,Movie
C0191,Together,Romance,2017,Amazon Prime,TV Show
C0192,Drop enjoy,Drama,2013,Disney+,TV Show
C0193,Indeed college interview,Drama,2018,Amazon Prime,TV Show
C0194,Story me simply,Horror,2014,Hulu,Movie
C0195,Someone,Documentary,2010,Netflix,TV Show
C0196,Agreement key,Horror,2013,Disney+,TV Show
C0197,Enter director top,Horror,2013,Hulu,TV Show
C0198,Too hot,Action,2013,Amazon Prime,Movie
C0199,Any thousand level,Comedy,2010,Netflix,TV Show
C0200,Attention nothing,Sci-Fi,2022,Disney+,TV Show
C0201,Party speak main result,Drama,2012,Hulu,TV Show
C0202,Deal social,Documentary,2019,Netflix,TV Show
C0203,Language safe,Documentary,2018,Netflix,TV Show
C0204,Appear present,Romance,2011,Hulu,Movie
C0205,Statement play,Romance,2011,Disney+,TV Show
C0206,Production newspaper,Drama,2021,Disney+,TV Show
C0207,Determine right person point,Drama,2022,Netflix,TV Show
C0208,American which local,Sci-Fi,2023,Hulu,TV Show
C0209,Meet term staff,Documentary,2012,Hulu,TV Show
C0210,Paper offer,Drama,2021,Amazon Prime,TV Show
C0211,Collection pass evening those,Comedy,2021,Netflix,Movie
C0212,Task drop pick,Action,2017,Amazon Prime,Movie
C0213,Party fact author,Action,2013,Netflix,TV Show
C0214,Example into,Action,2019,Amazon Prime,Movie
C0215,Bill address,Romance,2011,Hulu,TV Show
C0216,Final interview energy,Thriller,2010,Hulu,TV Show
C0217,Low system,Documentary,2011,Hulu,TV Show
C0218,Health must policy identify,Thriller,2018,Hulu,Movie
C0219,Professional reduce,Romance,2015,Amazon Prime,TV Show
C0220,Speak phone,Drama,2021,Hulu,TV Show
C0221,Attack example executive,Comedy,2022,Amazon Prime,Movie
C0222,Help cold,Documentary,2024,Hulu,TV Show
C0223,Evidence recent,Horror,2017,Netflix,Movie
C0224,Attack member indeed air,Romance,2018,Disney+,Movie
C0225,Amount several,Action,2021,Disney+,TV Show
C0226,Pick assume tell,Comedy,2016,Netflix,Movie
C0227,With,Thriller,2018,Disney+,TV Show
C0228,Also look sell,Sci-Fi,2021,Disney+,Movie
C0229,Player thing,Thriller,2019,Disney+,TV Show
C0230,Blue traditional threat,Thriller,2021,Hulu,Movie
C0231,Figure wish fill,Horror,2016,Hulu,TV Show
C0232,Yeah,Thriller,2018,Netflix,TV Show
C0233,Skill one,Horror,2016,Disney+,Movie
C0234,Want require popular,Romance,2010,Amazon Prime,Movie
C0235,Sell interview,Drama,2010,Amazon Prime,Movie
C0236,Region then,Romance,2017,Netflix,TV Show
C0237,Daughter answer both occur,Sci-Fi,2024,Amazon Prime,TV Show
C0238,Set national inside,Horror,2013,Disney+,TV Show
C0239,Year exactly agency,Documentary,2019,Netflix,Movie
C0240,Democratic agent PM,Action,2018,Netflix,Movie
C0241,Opportunity entire,Sci-Fi,2010,Amazon Prime,TV Show
C0242,Answer bad,Action,2011,Netflix,TV Show
C0243,Less,Documentary,2019,Disney+,Movie
C0244,Per marriage moment,Sci-Fi,2014,Netflix,Movie
C0245,Learn increase,Thriller,2015,Hulu,TV Show
C0246,Hospital too,Comedy,2013,Disney+,Movie
C0247,Person quickly surface,Drama,2020,Amazon Prime,Movie
C0248,Usually radio test,Romance,2010,Hulu,Movie
C0249,Leave source politics student,Thriller,2014,Netflix,TV Show
C0250,Wide detail,Comedy,2011,Disney+,TV Show
C0251,Truth work maintain,Drama,2016,Amazon Prime,Movie
C0252,Though deep moment,Sci-Fi,2016,Hulu,Movie
C0253,Front,Comedy,2017,Hulu,TV Show
C0254,Traditional even yes,Horror,2022,Disney+,TV Show
C0255,Purpose laugh response,Drama,2021,Amazon Prime,Movie
C0256,Gun,Comedy,2012,Disney+,Movie
C0257,Choice professor,Comedy,2019,Netflix,TV Show
C0258,Mention customer,Drama,2024,Disney+,TV Show
C0259,Box list pass task,Action,2014,Hulu,Movie
C0260,Option meet parent,Drama,2015,Netflix,TV Show
C0261,Vote improve between least,Drama,2013,Amazon Prime,Movie
C0262,You appear detail,Action,2023,Netflix,Movie
C0263,Girl he price,Thriller,2020,Disney+,TV Show
C0264,Ahead time,Action,2016,Hulu,TV Show
C0265,Simple former,Documentary,2015,Amazon Prime,TV Show
C0266,Others letter large,Action,2022,Netflix,Movie
C0267,Cup our hope,Drama,2022,Hulu,TV Show
C0268,Language point thought maintain,Thriller,2011,Disney+,TV Show
C0269,Few religious,Drama,2010,Disney+,Movie
C0270,Tell none,Romance,2015,Netflix,TV Show
C0271,Address wish become executive,Action,2016,Hulu,Movie
C0272,Take throughout class,Romance,2019,Hulu,TV Show
C0273,Exactly piece,Comedy,2021,Netflix,TV Show
C0274,Peace name run thousand,Documentary,2016,Disney+,TV Show
C0275,Yourself may,Sci-Fi,2013,Amazon Prime,Movie
C0276,Likely,Horror,2022,Hulu,Movie
C0277,Television party,Thriller,2019,Hulu,TV Show
C0278,Way state,Thriller,2024,Hulu,Movie
C0279,Western,Sci-Fi,2021,Disney+,TV Show
C0280,Production rest,Comedy,2013,Amazon Prime,Movie
C0281,Recent up already,Sci-Fi,2013,Disney+,TV Show
C0282,School week apply language,Documentary,2014,Disney+,TV Show
C0283,Area help,Horror,2018,Disney+,Movie
C0284,Type more win,Comedy,2012,Amazon Prime,Movie
C0285,Art performance,Documentary,2016,Amazon Prime,TV Show
C0286,Involve short maintain,Romance,2018,Netflix,Movie
C0287,Among southern while dream,Documentary,2020,Disney+,Movie
C0288,World occur,Action,2017,Amazon Prime,Movie
C0289,Grow return officer,Comedy,2024,Disney+,TV Show
C0290,Skill very camera,Horror,2020,Disney+,TV Show
C0291,Skin,Sci-Fi,2023,Disney+,TV Show
C0292,Approach myself,Horror,2015,Disney+,TV Show
C0293,Response ever,Romance,2024,Hulu,TV Show
C0294,Decide same entire there,Action,2012,Disney+,TV Show
C0295,Push its,Comedy,2023,Disney+,TV Show
C0296,Realize new career,Drama,2012,Hulu,TV Show
C0297,Friend spring western,Documentary,2021,Disney+,TV Show
C0298,Country husband,Documentary,2024,Hulu,TV Show
C0299,Then final,Thriller,2014,Amazon Prime,TV Show
C0300,Of gas above,Horror,2011,Amazon Prime,TV Show
C0301,Artist least,Romance,2013,Hulu,TV Show
C0302,Front long unit,Drama,2021,Netflix,TV Show
C0303,Serve home standard join,Action,2022,Hulu,Movie
C0304,Set however,Sci-Fi,2020,Netflix,TV Show
C0305,Allow,Documentary,2011,Disney+,Movie
C0306,Natural real,Drama,2018,Amazon Prime,TV Show
C0307,Message likely that,Drama,2012,Amazon Prime,Movie
C0308,Station least,Documentary,2014,Amazon Prime,Movie
C0309,Myself especially loss,Documentary,2018,Disney+,TV Show
C0310,Part probably shoulder,Romance,2015,Amazon Prime,Movie
C0311,Weight responsibility understand,Drama,2017,Disney+,TV Show
C0312,Cell while,Thriller,2010,Hulu,TV Show
C0313,Window position bank,Sci-Fi,2011,Netflix,Movie
C0314,Congress,Documentary,2017,Disney+,Movie
C0315,Morning late order money,Thriller,2018,Disney+,TV Show
C0316,World land leg,Comedy,2020,Hulu,TV Show
C0317,Life story fear direction,Horror,2020,Hulu,Movie
C0318,Mean sport business,Action,2014,Amazon Prime,Movie
C0319,Much rate year,Thriller,2011,Hulu,Movie
C0320,Pull industry,Action,2011,Disney+,TV Show
C0321,Word including eight,Action,2021,Netflix,Movie
C0322,Figure class,Thriller,2020,Netflix,Movie
C0323,Agree sing cup,Thriller,2013,Amazon Prime,TV Show
C0324,Soon senior rule,Romance,2010,Hulu,TV Show
C0325,Nearly miss whose,Action,2010,Netflix,Movie
C0326,Raise strong,Comedy,2024,Hulu,Movie
C0327,Expert wear memory parent,Sci-Fi,2023,Netflix,Movie
C0328,Key save power,Thriller,2010,Hulu,TV Show
C0329,Community role bed,Horror,2023,Hulu,TV Show
C0330,Industry campaign,Sci-Fi,2023,Netflix,TV Show
C0331,Summer more pass,Sci-Fi,2011,Hulu,TV Show
C0332,Son easy pretty,Romance,2017,Amazon Prime,TV Show
C0333,Information system likely,Horror,2015,Netflix,Movie
C0334,Industry tonight senior raise,Comedy,2024,Disney+,Movie
C0335,Somebody between most,Romance,2012,Netflix,Movie
C0336,Air decade,Horror,2021,Netflix,Movie
C0337,Officer,Documentary,2014,Hulu,Movie
C0338,Truth card best,Drama,2017,Hulu,Movie
C0339,Defense response,Action,2013,Netflix,Movie
C0340,Appear production the cultural,Drama,2021,Hulu,TV Show
C0341,Admit total,Drama,2015,Hulu,TV Show
C0342,Economy agreement,Comedy,2020,Hulu,TV Show
C0343,Exist yard,Romance,2021,Hulu,Movie
C0344,Kind thousand agreement,Romance,2010,Amazon Prime,Movie
C0345,Rest phone,Comedy,2010,Disney+,Movie
C0346,Yet Mrs education,Sci-Fi,2015,Hulu,TV Show
C0347,Tonight gas,Thriller,2019,Netflix,TV Show
C0348,Lawyer particularly,Drama,2019,Disney+,TV Show
C0349,Treatment site right,Romance,2019,Hulu,Movie
C0350,Like skill whom,Horror,2023,Amazon Prime,Movie
C0351,Per general film,Romance,2013,Hulu,Movie
C0352,Budget shoulder itself,Sci-Fi,2023,Amazon Prime,Movie
C0353,Discuss name,Sci-Fi,2012,Netflix,Movie
C0354,Space some,Documentary,2010,Disney+,TV Show
C0355,Police close meeting,Romance,2020,Disney+,TV Show
C0356,Talk policy,Horror,2015,Netflix,TV Show
C0357,Example huge keep,Horror,2015,Hulu,TV Show
C0358,Identify bag,Horror,2024,Netflix,TV Show
C0359,To without find,Documentary,2015,Disney+,TV Show
C0360,Goal watch,Documentary,2017,Netflix,Movie
C0361,Economy little,Horror,2018,Disney+,Movie
C0362,Material ability bad,Romance,2017,Amazon Prime,Movie
C0363,Compare floor,Horror,2023,Disney+,Movie
C0364,Most believe standard,Action,2024,Netflix,TV Show
C0365,General leave chair,Documentary,2011,Netflix,Movie
C0366,Table Republican,Documentary,2014,Netflix,Movie
C0367,Stand become,Thriller,2020,Netflix,TV Show
C0368,Decade cold,Romance,2020,Amazon Prime,TV Show
C0369,Success music amount,Romance,2021,Hulu,TV Show
C0370,Billion poor man,Sci-Fi,2014,Disney+,Movie
C0371,Nice what marriage,Comedy,2013,Disney+,Movie
C0372,Worker support agent,Horror,2023,Disney+,TV Show
C0373,Line top,Documentary,2024,Disney+,TV Show
C0374,Stock quickly respond,Comedy,2016,Hulu,Movie
C0375,Why everyone,Romance,2011,Disney+,TV Show
C0376,Bag quite modern,Action,2017,Hulu,Movie
C0377,Edge brother itself,Romance,2014,Amazon Prime,TV Show
C0378,Water sound,Romance,2024,Hulu,TV Show
C0379,May today perform,Thriller,2011,Hulu,TV Show
C0380,Season often gun,Horror,2012,Amazon Prime,Movie
C0381,Dark,Thriller,2013,Netflix,Movie
C0382,Budget realize rest,Thriller,2015,Amazon Prime,TV Show
C0383,Attorney without mention,Sci-Fi,2019,Disney+,TV Show
C0384,Join entire want,Comedy,2019,Amazon Prime,TV Show
C0385,Rich standard,Romance,2011,Netflix,TV Show
C0386,Whose seem unit,Sci-Fi,2014,Netflix,TV Show
C0387,Begin environmental six,Horror,2016,Hulu,TV Show
C0388,Hotel would,Horror,2012,Netflix,Movie
C0389,Popular technology certainly,Romance,2010,Amazon Prime,Movie
C0390,Above shoulder owner professor,Action,2020,Hulu,Movie
C0391,Fund choice quite,Action,2022,Hulu,TV Show
C0392,Fact prove,Romance,2016,Netflix,Movie
C0393,Improve space economy here,Documentary,2010,Hulu,Movie
C0394,President start,Horror,2022,Netflix,TV Show
C0395,Fight,Romance,2016,Hulu,Movie
C0396,Stage skin ready,Romance,2018,Netflix,Movie
C0397,Relationship local side include,Documentary,2018,Disney+,Movie
C0398,Ground remember large,Action,2016,Netflix,TV Show
C0399,Idea,Sci-Fi,2024,Amazon Prime,Movie
C0400,Firm adult gas,Comedy,2015,Hulu,Movie
C0401,Produce issue name,Thriller,2021,Netflix,TV Show
C0402,Statement,Thriller,2012,Netflix,Movie
C0403,Impact benefit form,Thriller,2012,Hulu,Movie
C0404,Street cell including,Documentary,2016,Netflix,Movie
C0405,State natural,Sci-Fi,2013,Netflix,TV Show
C0406,Itself rule rather,Thriller,2018,Amazon Prime,TV Show
C0407,Church,Action,2015,Netflix,TV Show
C0408,Lose prevent plant,Sci-Fi,2021,Disney+,Movie
C0409,Pressure,Romance,2018,Disney+,Movie
C0410,Gun cost,Horror,2010,Amazon Prime,Movie
C0411,Understand one,Comedy,2019,Hulu,TV Show
C0412,Year line language,Thriller,2018,Amazon Prime,Movie
C0413,Camera capital son,Thriller,2024,Disney+,Movie
C0414,Responsibility cause way heart,Horror,2022,Amazon Prime,TV Show
C0415,Could million recent,Horror,2010,Disney+,TV Show
C0416,May us,Sci-Fi,2016,Hulu,TV Show
C0417,One nearly,Drama,2023,Netflix,Movie
C0418,National watch him,Action,2016,Hulu,TV Show
C0419,Glass improve truth,Romance,2024,Hulu,TV Show
C0420,Good guess rest,Horror,2023,Hulu,Movie
C0421,Involve hand challenge,Sci-Fi,2013,Netflix,Movie
C0422,Citizen leg yes,Drama,2015,Hulu,TV Show
C0423,Two bit,Action,2018,Disney+,TV Show
C0424,Mrs find,Horror,2013,Amazon Prime,Movie
C0425,Point citizen,Comedy,2014,Hulu,Movie
C0426,Teach process southern meet,Drama,2014,Disney+,TV Show
C0427,Listen,Comedy,2010,Amazon Prime,TV Show
C0428,Small operation,Documentary,2012,Disney+,TV Show
C0429,Manage agreement quite,Action,2014,Hulu,TV Show
C0430,Must enough,Drama,2024,Hulu,TV Show
C0431,Suddenly four,Comedy,2018,Netflix,Movie
C0432,Professor main green,Romance,2014,Amazon Prime,Movie
C0433,Leave across point,Romance,2022,Amazon Prime,TV Show
C0434,Possible they,Comedy,2011,Disney+,Movie
C0435,Consider trade,Documentary,2011,Hulu,Movie
C0436,Herself say enough,Horror,2019,Netflix,Movie
C0437,Laugh administration election,Sci-Fi,2024,Hulu,TV Show
C0438,Small art cut least,Comedy,2010,Amazon Prime,TV Show
C0439,Long high action,Comedy,2023,Disney+,Movie
C0440,Book knowledge exactly,Action,2021,Amazon Prime,TV Show
C0441,Ever material,Drama,2018,Amazon Prime,Movie
C0442,Field table determine,Sci-Fi,2022,Hulu,Movie
C0443,Item author expect,Thriller,2015,Netflix,Movie
C0444,Sit today develop general,Action,2014,Netflix,TV Show
C0445,Spend ever,Drama,2016,Disney+,Movie
C0446,Push national,Documentary,2023,Disney+,Movie
C0447,Something despite hair,Documentary,2023,Disney+,Movie
C0448,Include society,Horror,2016,Hulu,TV Show
C0449,Ball doctor outside,Drama,2020,Amazon Prime,TV Show
C0450,Above bank,Drama,2011,Netflix,Movie
C0451,Assume green two,Thriller,2023,Hulu,Movie
C0452,Eat record mean,Thriller,2023,Netflix,Movie
C0453,Resource shoulder,Action,2016,Disney+,Movie
C0454,Chair name behind,Comedy,2017,Netflix,Movie
C0455,True policy,Documentary,2015,Disney+,TV Show
C0456,Mrs wait song,Thriller,2021,Disney+,TV Show
C0457,Economy one page,Horror,2017,Netflix,TV Show
C0458,Toward serious offer,Romance,2011,Amazon Prime,TV Show
C0459,School ten,Documentary,2021,Amazon Prime,Movie
C0460,Explain fear station,Action,2014,Amazon Prime,TV Show
C0461,Game enter be over,Horror,2015,Hulu,TV Show
C0462,Thus crime room,Documentary,2016,Hulu,Movie
C0463,Early appear,Romance,2012,Disney+,TV Show
C0464,Century simple,Thriller,2023,Disney+,TV Show
C0465,Tree kitchen right,Action,2021,Amazon Prime,TV Show
C0466,Room cut region,Documentary,2011,Hulu,TV Show
C0467,Difference,Documentary,2013,Netflix,Movie
C0468,According,Horror,2021,Netflix,Movie
C0469,Born great grow,Horror,2019,Disney+,Movie
C0470,Approach me,Sci-Fi,2015,Amazon Prime,Movie
C0471,It policy,Action,2024,Netflix,TV Show
C0472,Discussion attack pressure,Thriller,2020,Hulu,Movie
C0473,Learn marriage article,Horror,2016,Netflix,TV Show
C0474,Time civil send,Documentary,2016,Netflix,TV Show
C0475,Garden about,Sci-Fi,2016,Netflix,Movie
C0476,Something add institution,Romance,2022,Hulu,TV Show
C0477,Candidate follow member include,Thriller,2019,Disney+,Movie
C0478,Gas figure enough,Sci-Fi,2016,Amazon Prime,Movie
C0479,Lead mean,Comedy,2022,Amazon Prime,TV Show
C0480,Artist year democratic,Thriller,2020,Disney+,Movie
C0481,Concern mention,Drama,2013,Netflix,TV Show
C0482,Decide have,Drama,2014,Amazon Prime,TV Show
C0483,Theory wish know,Drama,2010,Disney+,TV Show
C0484,Account now understand,Comedy,2023,Disney+,TV Show
C0485,Sort identify,Sci-Fi,2020,Amazon Prime,TV Show
C0486,Way hand product,Sci-Fi,2022,Disney+,Movie
C0487,Simply up,Drama,2020,Hulu,Movie
C0488,Anything do bed,Drama,2011,Disney+,TV Show
C0489,Manage team sometimes,Comedy,2020,Disney+,Movie
C0490,Responsibility theory summer,Comedy,2024,Netflix,Movie
C0491,Main like,Drama,2017,Hulu,Movie
C0492,Action else rich,Romance,2023,Disney+,TV Show
C0493,Player home,Comedy,2013,Amazon Prime,TV Show
C0494,Bar,Thriller,2012,Amazon Prime,Movie
C0495,Peace guess,Comedy,2014,Disney+,Movie
C0496,Keep increase black per,Horror,2011,Hulu,TV Show
C0497,Woman newspaper game,Romance,2012,Netflix,Movie
C0498,Relationship space,Horror,2010,Netflix,Movie
C0499,Card student,Thriller,2020,Amazon Prime,Movie
C0500,Bring along,Documentary,2016,Amazon Prime,TV Show
